fecha,titulo,youtube,tiktok
2024-06-23T19:00:00.000Z,John Locke and the Right to Property: The Birth of Liberalism,OK,
2024-06-24T19:00:00.000Z,David Hume: Can We Trust Our Predictions?,OK,
2024-06-25T19:00:00.000Z,Karl Marx's Historical Materialism: Understanding Class Struggle,OK,
2024-06-26T19:00:00.000Z,Simone de Beauvoir on Feminism and the Concept of the Other,OK,
2024-06-27T19:00:00.000Z,Confucius on Family Ethics: Building a Harmonious Society,OK,
2024-06-28T19:00:00.000Z,Faith and Reason: Thomas Aquinas' Perspective,OK,
2024-06-29T19:00:00.000Z,Spinoza's Pantheism: God and Nature as One,OK,
2024-06-30T19:00:00.000Z,Are Humans Naturally Good? Rousseau's Perspective,OK,
2024-07-01T19:00:00.000Z,Power and Knowledge: Michel Foucault's Insights,OK,
2024-07-02T19:00:00.000Z,,,
2024-07-03T19:00:00.000Z,,,
2024-07-04T19:00:00.000Z,,,
2024-07-05T19:00:00.000Z,,,
2024-07-06T19:00:00.000Z,,,
2024-07-07T19:00:00.000Z,,,
2024-07-08T19:00:00.000Z,,,
2024-07-09T19:00:00.000Z,,,
2024-07-10T19:00:00.000Z,,,
2024-07-11T19:00:00.000Z,,,
2024-07-12T19:00:00.000Z,,,
2024-07-13T19:00:00.000Z,,,
2024-07-14T19:00:00.000Z,,,
2024-07-15T19:00:00.000Z,,,
2024-07-16T19:00:00.000Z,,,
2024-07-17T19:00:00.000Z,,,
2024-07-18T19:00:00.000Z,,,
2024-07-19T19:00:00.000Z,,,
2024-07-20T19:00:00.000Z,,,
2024-07-21T19:00:00.000Z,,,
2024-07-22T19:00:00.000Z,,,
2024-07-23T19:00:00.000Z,,,
2024-07-24T19:00:00.000Z,,,
2024-07-25T19:00:00.000Z,,,
2024-07-26T19:00:00.000Z,,,
2024-07-27T19:00:00.000Z,,,
2024-07-28T19:00:00.000Z,,,
2024-07-29T19:00:00.000Z,,,
2024-07-30T19:00:00.000Z,,,
2024-07-31T19:00:00.000Z,,,
2024-08-01T19:00:00.000Z,,,
2024-08-02T19:00:00.000Z,,,
2024-08-03T19:00:00.000Z,,,
2024-08-04T19:00:00.000Z,,,
2024-08-05T19:00:00.000Z,,,
2024-08-06T19:00:00.000Z,,,
2024-08-07T19:00:00.000Z,,,
2024-08-08T19:00:00.000Z,,,
2024-08-09T19:00:00.000Z,,,
2024-08-10T19:00:00.000Z,,,
2024-08-11T19:00:00.000Z,,,
2024-08-12T19:00:00.000Z,,,
2024-08-13T19:00:00.000Z,,,
2024-08-14T19:00:00.000Z,,,
2024-08-15T19:00:00.000Z,,,
2024-08-16T19:00:00.000Z,,,
2024-08-17T19:00:00.000Z,,,
2024-08-18T19:00:00.000Z,,,
2024-08-19T19:00:00.000Z,,,
2024-08-20T19:00:00.000Z,,,
2024-08-21T19:00:00.000Z,,,
2024-08-22T19:00:00.000Z,,,
2024-08-23T19:00:00.000Z,,,
2024-08-24T19:00:00.000Z,,,
2024-08-25T19:00:00.000Z,,,
2024-08-26T19:00:00.000Z,,,
2024-08-27T19:00:00.000Z,,,
2024-08-28T19:00:00.000Z,,,
2024-08-29T19:00:00.000Z,,,
2024-08-30T19:00:00.000Z,,,
2024-08-31T19:00:00.000Z,,,
2024-09-01T19:00:00.000Z,,,
2024-09-02T19:00:00.000Z,,,
2024-09-03T19:00:00.000Z,,,
2024-09-04T19:00:00.000Z,,,
2024-09-05T19:00:00.000Z,,,
2024-09-06T19:00:00.000Z,,,
2024-09-07T19:00:00.000Z,,,
2024-09-08T19:00:00.000Z,,,
2024-09-09T19:00:00.000Z,,,
2024-09-10T19:00:00.000Z,,,
2024-09-11T19:00:00.000Z,,,
2024-09-12T19:00:00.000Z,,,
2024-09-13T19:00:00.000Z,,,
2024-09-14T19:00:00.000Z,,,
2024-09-15T19:00:00.000Z,,,
2024-09-16T19:00:00.000Z,,,
2024-09-17T19:00:00.000Z,,,
2024-09-18T19:00:00.000Z,,,
2024-09-19T19:00:00.000Z,,,
2024-09-20T19:00:00.000Z,,,
2024-09-21T19:00:00.000Z,,,
2024-09-22T19:00:00.000Z,,,
2024-09-23T19:00:00.000Z,,,
2024-09-24T19:00:00.000Z,,,
2024-09-25T19:00:00.000Z,,,
2024-09-26T19:00:00.000Z,,,
2024-09-27T19:00:00.000Z,,,
2024-09-28T19:00:00.000Z,,,
2024-09-29T19:00:00.000Z,,,
2024-09-30T19:00:00.000Z,,,
2024-10-01T19:00:00.000Z,,,
2024-10-02T19:00:00.000Z,,,
2024-10-03T19:00:00.000Z,,,
2024-10-04T19:00:00.000Z,,,
2024-10-05T19:00:00.000Z,,,
2024-10-06T19:00:00.000Z,,,
2024-10-07T19:00:00.000Z,,,
2024-10-08T19:00:00.000Z,,,
2024-10-09T19:00:00.000Z,,,
2024-10-10T19:00:00.000Z,,,
2024-10-11T19:00:00.000Z,,,
2024-10-12T19:00:00.000Z,,,
2024-10-13T19:00:00.000Z,,,
2024-10-14T19:00:00.000Z,,,
2024-10-15T19:00:00.000Z,,,
2024-10-16T19:00:00.000Z,,,
2024-10-17T19:00:00.000Z,,,
2024-10-18T19:00:00.000Z,,,
2024-10-19T19:00:00.000Z,,,
2024-10-20T19:00:00.000Z,,,
2024-10-21T19:00:00.000Z,,,
2024-10-22T19:00:00.000Z,,,
2024-10-23T19:00:00.000Z,,,
2024-10-24T19:00:00.000Z,,,
2024-10-25T19:00:00.000Z,,,
2024-10-26T19:00:00.000Z,,,
2024-10-27T19:00:00.000Z,,,
2024-10-28T19:00:00.000Z,,,
2024-10-29T19:00:00.000Z,,,
2024-10-30T19:00:00.000Z,,,
2024-10-31T19:00:00.000Z,,,
2024-11-01T19:00:00.000Z,,,
2024-11-02T19:00:00.000Z,,,
2024-11-03T19:00:00.000Z,,,
2024-11-04T19:00:00.000Z,,,
2024-11-05T19:00:00.000Z,,,
2024-11-06T19:00:00.000Z,,,
2024-11-07T19:00:00.000Z,,,
2024-11-08T19:00:00.000Z,,,
2024-11-09T19:00:00.000Z,,,
2024-11-10T19:00:00.000Z,,,
2024-11-11T19:00:00.000Z,,,
2024-11-12T19:00:00.000Z,,,
2024-11-13T19:00:00.000Z,,,
2024-11-14T19:00:00.000Z,,,
2024-11-15T19:00:00.000Z,,,
2024-11-16T19:00:00.000Z,,,
2024-11-17T19:00:00.000Z,,,
2024-11-18T19:00:00.000Z,,,
2024-11-19T19:00:00.000Z,,,
2024-11-20T19:00:00.000Z,,,
2024-11-21T19:00:00.000Z,,,
2024-11-22T19:00:00.000Z,,,
2024-11-23T19:00:00.000Z,,,
2024-11-24T19:00:00.000Z,,,
2024-11-25T19:00:00.000Z,,,
2024-11-26T19:00:00.000Z,,,
2024-11-27T19:00:00.000Z,,,
2024-11-28T19:00:00.000Z,,,
2024-11-29T19:00:00.000Z,,,
2024-11-30T19:00:00.000Z,,,
2024-12-01T19:00:00.000Z,,,
2024-12-02T19:00:00.000Z,,,
2024-12-03T19:00:00.000Z,,,
2024-12-04T19:00:00.000Z,,,
2024-12-05T19:00:00.000Z,,,
2024-12-06T19:00:00.000Z,,,
2024-12-07T19:00:00.000Z,,,
2024-12-08T19:00:00.000Z,,,
2024-12-09T19:00:00.000Z,,,
2024-12-10T19:00:00.000Z,,,
2024-12-11T19:00:00.000Z,,,
2024-12-12T19:00:00.000Z,,,
2024-12-13T19:00:00.000Z,,,
2024-12-14T19:00:00.000Z,,,
2024-12-15T19:00:00.000Z,,,
2024-12-16T19:00:00.000Z,,,
2024-12-17T19:00:00.000Z,,,
2024-12-18T19:00:00.000Z,,,
2024-12-19T19:00:00.000Z,,,
2024-12-20T19:00:00.000Z,,,
2024-12-21T19:00:00.000Z,,,
2024-12-22T19:00:00.000Z,,,
2024-12-23T19:00:00.000Z,,,
2024-12-24T19:00:00.000Z,,,
2024-12-25T19:00:00.000Z,,,
2024-12-26T19:00:00.000Z,,,
2024-12-27T19:00:00.000Z,,,
2024-12-28T19:00:00.000Z,,,
2024-12-29T19:00:00.000Z,,,
2024-12-30T19:00:00.000Z,,,
